x,z
0.000000,-6900.000000
-0.001763,-6899.000002
-0.007052,-6898.000017
-0.015866,-6897.000056
-0.028207,-6896.000133
-0.044072,-6895.000259
-0.063464,-6894.000448
-0.086380,-6893.000711
-0.112821,-6892.001061
-0.142787,-6891.001510
-0.176276,-6890.002072
-0.213290,-6889.002758
-0.253826,-6888.003580
-0.297886,-6887.004552
-0.345467,-6886.005685
-0.396570,-6885.006992
-0.451194,-6884.008485
-0.509339,-6883.010178
-0.571002,-6882.012081
-0.636185,-6881.014209
-0.704886,-6880.016572
-0.777104,-6879.019183
-0.852838,-6878.022056
-0.932087,-6877.025202
-1.014850,-6876.028633
-1.101127,-6875.032362
-1.190916,-6874.036402
-1.284217,-6873.040764
-1.381027,-6872.045462
-1.481345,-6871.050507
-1.585172,-6870.055912
-1.692504,-6869.061690
-1.803341,-6868.067852
-1.917682,-6867.074410
-2.035525,-6866.081379
-2.156868,-6865.088769
-2.281711,-6864.096593
-2.410051,-6863.104863
-2.541886,-6862.113592
-2.677217,-6861.122792
-2.816039,-6860.132475
-2.958353,-6859.142654
-3.104156,-6858.153341
-3.253446,-6857.164548
-3.406221,-6856.176288
-3.562480,-6855.188572
-3.722221,-6854.201413
-3.885441,-6853.214824
-4.052139,-6852.228817
-4.222312,-6851.243403
-4.395959,-6850.258596
-4.573077,-6849.274407
-4.753664,-6848.290848
-4.937718,-6847.307932
-5.125236,-6846.325672
-5.316217,-6845.344079
-5.510657,-6844.363165
-5.708555,-6843.382943
-5.909907,-6842.403424
-6.114712,-6841.424622
-6.322967,-6840.446548
-6.534669,-6839.469214
-6.749816,-6838.492633
-6.968405,-6837.516816
-7.190433,-6836.541777
-7.415897,-6835.567526
-7.644795,-6834.594076
-7.877124,-6833.621439
-8.112881,-6832.649628
-8.352063,-6831.678654
-8.594667,-6830.708529
-8.840690,-6829.739265
-9.090130,-6828.770875
-9.342982,-6827.803371
-9.599243,-6826.836764
-9.858911,-6825.871067
-10.121983,-6824.906291
-10.388455,-6823.942449
-10.658323,-6822.979552
-10.931585,-6822.017613
-11.208237,-6821.056643
-11.488275,-6820.096655
-11.771696,-6819.137660
-12.058497,-6818.179670
-12.348674,-6817.222698
-12.642223,-6816.266754
-12.939141,-6815.311852
-13.239424,-6814.358002
-13.543068,-6813.405217
-13.850070,-6812.453509
-14.160426,-6811.502889
-14.474131,-6810.553369
-14.791182,-6809.604961
-15.111576,-6808.657677
-15.435307,-6807.711529
-15.762372,-6806.766527
-16.092767,-6805.822685
-16.426488,-6804.880014
-16.763531,-6803.938525
-17.103891,-6802.998231
-17.447565,-6802.059142
-17.794547,-6801.121271
-18.144835,-6800.184629
-18.498422,-6799.249228
-18.855305,-6798.315080
-19.215480,-6797.382195
-19.578942,-6796.450587
-19.945686,-6795.520266
-20.315708,-6794.591243
-20.689004,-6793.663531
-21.065568,-6792.737141
-21.445397,-6791.812085
-21.828484,-6790.888374
-22.214826,-6789.966018
-22.604418,-6789.045031
-22.997254,-6788.125424
-23.393331,-6787.207207
-23.792643,-6786.290392
-24.195185,-6785.374991
-24.600951,-6784.461015
-25.009938,-6783.548475
-25.422140,-6782.637383
-25.837552,-6781.727750
-26.256168,-6780.819588
-26.677984,-6779.912907
-27.102994,-6779.007719
-27.531193,-6778.104035
-27.962576,-6777.201867
-28.397137,-6776.301225
-28.834871,-6775.402121
-29.275772,-6774.504566
-29.719835,-6773.608571
-30.167055,-6772.714147
-30.617425,-6771.821306
-31.070941,-6770.930058
-31.527596,-6770.040415
-31.987385,-6769.152387
-32.450303,-6768.265987
-32.916342,-6767.381223
-33.385499,-6766.498109
-33.857766,-6765.616654
-34.333139,-6764.736870
-34.811610,-6763.858768
-35.293175,-6762.982358
-35.777826,-6762.107651
-36.265559,-6761.234659
-36.756367,-6760.363391
-37.250244,-6759.493860
-37.747183,-6758.626075
-38.247180,-6757.760048
-38.750226,-6756.895790
-39.256317,-6756.033310
-39.765445,-6755.172620
-40.277606,-6754.313731
-40.792791,-6753.456653
-41.310995,-6752.601396
-41.832211,-6751.747972
-42.356433,-6750.896391
-42.883655,-6750.046664
-43.413869,-6749.198801
-43.947069,-6748.352812
-44.483249,-6747.508709
-45.022402,-6746.666502
-45.564521,-6745.826201
-46.109600,-6744.987816
-46.657631,-6744.151359
-47.208608,-6743.316839
-47.762523,-6742.484267
-48.319372,-6741.653653
-48.879145,-6740.825008
-49.441836,-6739.998342
-50.007439,-6739.173665
-50.575946,-6738.350987
-51.147350,-6737.530318
-51.721644,-6736.711670
-52.298821,-6735.895051
-52.878873,-6735.080473
-53.461794,-6734.267945
-54.047577,-6733.457477
-54.636213,-6732.649080
-55.227696,-6731.842763
-55.822019,-6731.038537
-56.419173,-6730.236411
-57.019152,-6729.436396
-57.621947,-6728.638501
-58.227553,-6727.842736
-58.835960,-6727.049112
-59.447162,-6726.257638
-60.061150,-6725.468324
-60.677918,-6724.681179
-61.297457,-6723.896214
-61.919761,-6723.113439
-62.544820,-6722.332862
-63.172627,-6721.554494
-63.803176,-6720.778345
-64.436456,-6720.004423
-65.072462,-6719.232739
-65.711185,-6718.463303
-66.352616,-6717.696123
-66.996749,-6716.931210
-67.643574,-6716.168573
-68.293085,-6715.408221
-68.945272,-6714.650164
-69.600128,-6713.894411
-70.257645,-6713.140972
-70.917814,-6712.389856
-71.580628,-6711.641072
-72.246077,-6710.894630
-72.914155,-6710.150538
-73.584851,-6709.408807
-74.258159,-6708.669445
-74.934069,-6707.932462
-75.612574,-6707.197867
-76.293665,-6706.465669
-76.977333,-6705.735876
-77.663570,-6705.008499
-78.352367,-6704.283546
-79.043716,-6703.561025
-79.737608,-6702.840947
-80.434035,-6702.123321
-81.132988,-6701.408154
-81.834458,-6700.695455
-82.538437,-6699.985235
-83.244916,-6699.277501
-83.953885,-6698.572263
-84.665337,-6697.869528
-85.379262,-6697.169307
-86.095651,-6696.471607
-86.814496,-6695.776437
-87.535788,-6695.083807
-88.259517,-6694.393723
-88.985675,-6693.706196
-89.714252,-6693.021234
-90.445241,-6692.338844
-91.178630,-6691.659036
-91.914412,-6690.981819
-92.652577,-6690.307199
-93.393116,-6689.635187
-94.136021,-6688.965790
-94.881280,-6688.299016
-95.628886,-6687.634874
-96.378829,-6686.973373
-97.131100,-6686.314520
-97.885689,-6685.658323
-98.642587,-6685.004791
-99.401785,-6684.353931
-100.163272,-6683.705753
-100.927041,-6683.060263
-101.693081,-6682.417471
-102.461382,-6681.777383
-103.231935,-6681.140008
-104.004731,-6680.505355
-104.779760,-6679.873429
-105.557012,-6679.244241
-106.336478,-6678.617797
-107.118147,-6677.994105
-107.902011,-6677.373173
-108.688059,-6676.755009
-109.476282,-6676.139620
-110.266670,-6675.527014
-111.059213,-6674.917199
-111.853901,-6674.310182
-112.650725,-6673.705970
-113.449674,-6673.104572
-114.250738,-6672.505995
-115.053908,-6671.910246
-115.859173,-6671.317332
-116.666524,-6670.727261
-117.475951,-6670.140041
-118.287443,-6669.555678
-119.100990,-6668.974181
-119.916583,-6668.395555
-120.734210,-6667.819808
-121.553863,-6667.246948
-122.375530,-6666.676982
-123.199202,-6666.109916
-124.024868,-6665.545758
-124.852518,-6664.984514
-125.682142,-6664.426193
-126.513729,-6663.870799
-127.347270,-6663.318342
-128.182753,-6662.768827
-129.020168,-6662.222261
-129.859506,-6661.678651
-130.700754,-6661.138003
-131.543904,-6660.600326
-132.388945,-6660.065624
-133.235865,-6659.533906
-134.084655,-6659.005176
-134.935304,-6658.479443
-135.787801,-6657.956713
-136.642136,-6657.436991
-137.498299,-6656.920285
-138.356277,-6656.406601
-139.216062,-6655.895945
-140.077642,-6655.388324
-140.941006,-6654.883744
-141.806144,-6654.382211
-142.673045,-6653.883732
-143.541698,-6653.388312
-144.412093,-6652.895958
-145.284218,-6652.406676
-146.158063,-6651.920473
-147.033617,-6651.437353
-147.910868,-6650.957323
-148.789807,-6650.480390
-149.670422,-6650.006558
-150.552702,-6649.535834
-151.436636,-6649.068225
-152.322214,-6648.603734
-153.209424,-6648.142369
-154.098255,-6647.684135
-154.988696,-6647.229038
-155.880736,-6646.777083
-156.774365,-6646.328277
-157.669570,-6645.882623
-158.566341,-6645.440129
-159.464666,-6645.000800
-160.364535,-6644.564641
-161.265936,-6644.131657
-162.168859,-6643.701855
-163.073291,-6643.275238
-163.979221,-6642.851813
-164.886639,-6642.431585
-165.795533,-6642.014559
-166.705892,-6641.600741
-167.617704,-6641.190134
-168.530958,-6640.782745
-169.445643,-6640.378579
-170.361748,-6639.977640
-171.279260,-6639.579934
-172.198169,-6639.185466
-173.118463,-6638.794239
-174.040130,-6638.406261
-174.963160,-6638.021534
-175.887541,-6637.640064
-176.813261,-6637.261856
-177.740309,-6636.886914
-178.668673,-6636.515243
-179.598341,-6636.146847
-180.529303,-6635.781732
-181.461547,-6635.419902
-182.395060,-6635.061360
-183.329832,-6634.706113
-184.265850,-6634.354163
-185.203104,-6634.005517
-186.141581,-6633.660176
-187.081270,-6633.318147
-188.022159,-6632.979434
-188.964236,-6632.644040
-189.907490,-6632.311969
-190.851909,-6631.983227
-191.797481,-6631.657816
-192.744195,-6631.335742
-193.692039,-6631.017007
-194.641000,-6630.701617
-195.591068,-6630.389574
-196.542229,-6630.080883
-197.494474,-6629.775548
-198.447789,-6629.473572
-199.402163,-6629.174959
-200.357583,-6628.879713
-201.314039,-6628.587838
-202.271518,-6628.299337
-203.230008,-6628.014213
-204.189498,-6627.732471
-205.149975,-6627.454114
-206.111428,-6627.179145
-207.073844,-6626.907567
-208.037211,-6626.639385
-209.001519,-6626.374601
-209.966753,-6626.113219
-210.932904,-6625.855241
-211.899958,-6625.600672
-212.867903,-6625.349514
-213.836729,-6625.101771
-214.806421,-6624.857445
-215.776969,-6624.616539
-216.748361,-6624.379057
-217.720583,-6624.145002
-218.693625,-6623.914376
-219.667474,-6623.687182
-220.642118,-6623.463424
-221.617545,-6623.243103
-222.593743,-6623.026223
-223.570699,-6622.812786
-224.548402,-6622.602795
-225.526839,-6622.396252
-226.505999,-6622.193161
-227.485868,-6621.993524
-228.466435,-6621.797342
-229.447688,-6621.604619
-230.429614,-6621.415358
-231.412201,-6621.229559
-232.395437,-6621.047226
-233.379311,-6620.868361
-234.363808,-6620.692967
-235.348918,-6620.521044
-236.334628,-6620.352596
-237.320926,-6620.187624
-238.307799,-6620.026132
-239.295236,-6619.868119
-240.283224,-6619.713589
-241.271750,-6619.562544
-242.260803,-6619.414985
-243.250370,-6619.270915
-244.240438,-6619.130334
-245.230996,-6618.993245
-246.222032,-6618.859649
-247.213532,-6618.729549
-248.205485,-6618.602945
-249.197878,-6618.479840
-250.190699,-6618.360234
-251.183936,-6618.244130
-252.177575,-6618.131529
-253.171606,-6618.022431
-254.166015,-6617.916840
-255.160790,-6617.814755
-256.155919,-6617.716178
-257.151389,-6617.621110
-258.147189,-6617.529553
-259.143305,-6617.441508
-260.139725,-6617.356975
-261.136437,-6617.275956
-262.133428,-6617.198452
-263.130687,-6617.124463
-264.128200,-6617.053992
-265.125956,-6616.987038
-266.123941,-6616.923602
-267.122144,-6616.863685
-268.120552,-6616.807289
-269.119152,-6616.754413
-270.117933,-6616.705058
-271.116882,-6616.659225
-272.115986,-6616.616915
-273.115233,-6616.578127
-274.114610,-6616.542863
-275.114106,-6616.511123
-276.113707,-6616.482907
-277.113402,-6616.458216
-278.113177,-6616.437050
-279.113021,-6616.419409
-280.112921,-6616.405294
-281.112864,-6616.394704
-282.112839,-6616.387640
-283.112832,-6616.384102
-284.112832,-6616.384089
-285.112825,-6616.387603
-286.112800,-6616.394642
-287.112743,-6616.405207
-288.112644,-6616.419298
-289.112488,-6616.436914
-290.112264,-6616.458055
-291.111959,-6616.482722
-292.111561,-6616.510913
-293.111058,-6616.542628
-294.110436,-6616.577867
-295.109684,-6616.616630
-296.108789,-6616.658915
-297.107739,-6616.704724
-298.106521,-6616.754054
-299.105123,-6616.806905
-300.103532,-6616.863277
-301.101736,-6616.923169
-302.099723,-6616.986580
-303.097480,-6617.053509
-304.094995,-6617.123956
-305.092256,-6617.197920
-306.089249,-6617.275399
-307.085963,-6617.356393
-308.082386,-6617.440901
-309.078504,-6617.528922
-310.074305,-6617.620454
-311.069778,-6617.715497
-312.064909,-6617.814050
-313.059687,-6617.916110
-314.054099,-6618.021677
-315.048132,-6618.130750
-316.041774,-6618.243327
-317.035014,-6618.359406
-318.027838,-6618.478987
-319.020234,-6618.602068
-320.012190,-6618.728647
-321.003693,-6618.858723
-321.994732,-6618.992294
-322.985294,-6619.129358
-323.975366,-6619.269915
-324.964936,-6619.413961
-325.953993,-6619.561495
-326.942523,-6619.712516
-327.930514,-6619.867021
-328.917955,-6620.025009
-329.904832,-6620.186478
-330.891134,-6620.351425
-331.876848,-6620.519848
-332.861962,-6620.691746
-333.846464,-6620.867117
-334.830342,-6621.045957
-335.813583,-6621.228266
-336.796175,-6621.414040
-337.778106,-6621.603277
-338.759363,-6621.795976
-339.739935,-6621.992133
-340.719809,-6622.191746
-341.698974,-6622.394813
-342.677416,-6622.601331
-343.655124,-6622.811298
-344.632085,-6623.024711
-345.608288,-6623.241567
-346.583721,-6623.461863
-347.558370,-6623.685598
-348.532225,-6623.912768
-349.505273,-6624.143369
-350.477501,-6624.377401
-351.448899,-6624.614859
-352.419453,-6624.855740
-353.389151,-6625.100042
-354.357983,-6625.347761
-355.325934,-6625.598895
-356.292995,-6625.853441
-357.259152,-6626.111394
-358.224393,-6626.372752
-359.188707,-6626.637512
-360.152081,-6626.905671
-361.114504,-6627.177225
-362.075963,-6627.452170
-363.036447,-6627.730503
-363.995944,-6628.012222
-364.954441,-6628.297321
-365.911927,-6628.585799
-366.868390,-6628.877650
-367.823818,-6629.172873
-368.778199,-6629.471462
-369.731522,-6629.773414
-370.683774,-6630.078726
-371.634943,-6630.387393
-372.585019,-6630.699412
-373.533988,-6631.014779
-374.481839,-6631.333490
-375.428561,-6631.655541
-376.374141,-6631.980929
-377.318569,-6632.309648
-378.261831,-6632.641695
-379.203917,-6632.977065
-380.144814,-6633.315756
-381.084511,-6633.657761
-382.022997,-6634.003078
-382.960259,-6634.351702
-383.896286,-6634.703628
-384.831067,-6635.058853
-385.764589,-6635.417371
-386.696841,-6635.779178
-387.627812,-6636.144270
-388.557490,-6636.512642
-389.485863,-6636.884290
-390.412920,-6637.259209
-391.338649,-6637.637395
-392.263040,-6638.018842
-393.186079,-6638.403546
-394.107756,-6638.791502
-395.028060,-6639.182705
-395.946979,-6639.577151
-396.864501,-6639.974835
-397.780615,-6640.375751
-398.695310,-6640.779894
-399.608574,-6641.187260
-400.520397,-6641.597844
-401.430766,-6642.011640
-402.339670,-6642.428644
-403.247098,-6642.848849
-404.153039,-6643.272252
-405.057482,-6643.698846
-405.960415,-6644.128626
-406.861827,-6644.561587
-407.761707,-6644.997724
-408.660043,-6645.437031
-409.556825,-6645.879503
-410.452041,-6646.325134
-411.345681,-6646.773919
-412.237732,-6647.225851
-413.128184,-6647.680926
-414.017027,-6648.139138
-414.904248,-6648.600481
-415.789837,-6649.064950
-416.673783,-6649.532538
-417.556075,-6650.003240
-418.436702,-6650.477049
-419.315652,-6650.953961
-420.192916,-6651.433969
-421.068481,-6651.917067
-421.942338,-6652.403249
-422.814476,-6652.892509
-423.684882,-6653.384842
-424.553548,-6653.880240
-425.420461,-6654.378698
-426.285612,-6654.880209
-427.148988,-6655.384768
-428.010581,-6655.892368
-428.870378,-6656.403002
-429.728370,-6656.916665
-430.584545,-6657.433350
-431.438893,-6657.953050
-432.291403,-6658.475760
-433.142065,-6659.001472
-433.990868,-6659.530180
-434.837801,-6660.061878
-435.682855,-6660.596558
-436.526018,-6661.134215
-437.367281,-6661.674841
-438.206631,-6662.218430
-439.044060,-6662.764976
-439.879557,-6663.314470
-440.713111,-6663.866907
-441.544712,-6664.422280
-442.374350,-6664.980581
-443.202014,-6665.541804
-444.027694,-6666.105941
-444.851380,-6666.672987
-445.673061,-6667.242933
-446.492728,-6667.815773
-447.310370,-6668.391499
-448.125977,-6668.970105
-448.939538,-6669.551582
-449.751045,-6670.135925
-450.560486,-6670.723125
-451.367852,-6671.313176
-452.173132,-6671.906069
-452.976316,-6672.501799
-453.777396,-6673.100356
-454.576359,-6673.701734
-455.373198,-6674.305926
-456.167901,-6674.912923
-456.960459,-6675.522719
-457.750862,-6676.135305
-458.539100,-6676.750675
-459.325164,-6677.368820
-460.109043,-6677.989732
-460.890728,-6678.613405
-461.670209,-6679.239829
-462.447477,-6679.868999
-463.222521,-6680.500905
-463.995333,-6681.135539
-464.765902,-6681.772895
-465.534219,-6682.412963
-466.300275,-6683.055737
-467.064059,-6683.701208
-467.825563,-6684.349367
-468.584777,-6685.000208
-469.341691,-6685.653721
-470.096297,-6686.309899
-470.848584,-6686.968734
-471.598543,-6687.630217
-472.346165,-6688.294340
-473.091442,-6688.961095
-473.834362,-6689.630474
-474.574918,-6690.302468
-475.313100,-6690.977069
-476.048899,-6691.654269
-476.782305,-6692.334058
-477.513310,-6693.016430
-478.241905,-6693.701374
-478.968080,-6694.388883
-479.691826,-6695.078949
-480.413135,-6695.771562
-481.131997,-6696.466713
-481.848404,-6697.164396
-482.562346,-6697.864599
-483.273815,-6698.567316
-483.982802,-6699.272537
-484.689298,-6699.980253
-485.393294,-6700.690456
-486.094782,-6701.403137
-486.793753,-6702.118287
-487.490197,-6702.835896
-488.184108,-6703.555957
-488.875475,-6704.278460
-489.564290,-6705.003396
-490.250545,-6705.730757
-490.934231,-6706.460532
-491.615340,-6707.192714
-492.293863,-6707.927292
-492.969791,-6708.664258
-493.643117,-6709.403603
-494.313832,-6710.145318
-494.981928,-6710.889393
-495.647396,-6711.635818
-496.310228,-6712.384586
-496.970416,-6713.135686
-497.627951,-6713.889109
-498.282826,-6714.644845
-498.935032,-6715.402886
-499.584562,-6716.163222
-500.231406,-6716.925843
-500.875558,-6717.690741
-501.517008,-6718.457904
-502.155750,-6719.227325
-502.791775,-6719.998993
-503.425075,-6720.772899
-504.055642,-6721.549032
-504.683469,-6722.327385
-505.308548,-6723.107946
-505.930870,-6723.890706
-506.550429,-6724.675656
-507.167216,-6725.462785
-507.781224,-6726.252084
-508.392446,-6727.043543
-509.000873,-6727.837152
-509.606498,-6728.632902
-510.209313,-6729.430782
-510.809312,-6730.230782
-511.406486,-6731.032893
-512.000828,-6731.837105
-512.592331,-6732.643407
-513.180988,-6733.451790
-513.766790,-6734.262243
-514.349731,-6735.074756
-514.929804,-6735.889320
-515.507001,-6736.705925
-516.081316,-6737.524559
-516.652740,-6738.345213
-517.221267,-6739.167877
-517.786890,-6739.992540
-518.349602,-6740.819192
-518.909396,-6741.647824
-519.466265,-6742.478424
-520.020201,-6743.310982
-520.571199,-6744.145488
-521.119251,-6744.981932
-521.664350,-6745.820303
-522.206490,-6746.660591
-522.745663,-6747.502785
-523.281864,-6748.346874
-523.815086,-6749.192850
-524.345321,-6750.040700
-524.872563,-6750.890414
-525.396807,-6751.741982
-525.918044,-6752.595393
-526.436269,-6753.450636
-526.951476,-6754.307702
-527.463657,-6755.166579
-527.972807,-6756.027256
-528.478919,-6756.889723
-528.981987,-6757.753969
-529.482005,-6758.619984
-529.978966,-6759.487756
-530.472864,-6760.357275
-530.963693,-6761.228530
-531.451448,-6762.101511
-531.936121,-6762.976205
-532.417707,-6763.852603
-532.896201,-6764.730694
-533.371595,-6765.610466
-533.843884,-6766.491909
-534.313062,-6767.375012
-534.779124,-6768.259764
-535.242064,-6769.146153
-535.701875,-6770.034169
-536.158552,-6770.923801
-536.612090,-6771.815037
-537.062482,-6772.707868
-537.509724,-6773.602280
-537.953809,-6774.498264
-538.394733,-6775.395808
-538.832489,-6776.294901
-539.267072,-6777.195532
-539.698477,-6778.097690
-540.126699,-6779.001364
-540.551731,-6779.906541
-540.973570,-6780.813212
-541.392208,-6781.721364
-541.807643,-6782.630986
-542.219867,-6783.542068
-542.628877,-6784.454598
-543.034666,-6785.368564
-543.437231,-6786.283955
-543.836565,-6787.200760
-544.232664,-6788.118967
-544.625524,-6789.038565
-545.015138,-6789.959542
-545.401503,-6790.881887
-545.784614,-6791.805589
-546.164465,-6792.730637
-546.541052,-6793.657017
-546.914371,-6794.584720
-547.284416,-6795.513733
-547.651183,-6796.444045
-548.014668,-6797.375645
-548.374866,-6798.308520
-548.731773,-6799.242660
-549.085383,-6800.178052
-549.435694,-6801.114685
-549.782699,-6802.052547
-550.126396,-6802.991627
-550.466779,-6803.931914
-550.803846,-6804.873394
-551.137590,-6805.816057
-551.468009,-6806.759891
-551.795097,-6807.704884
-552.118852,-6808.651025
-552.439269,-6809.598301
-552.756344,-6810.546701
-553.070072,-6811.496213
-553.380452,-6812.446825
-553.687477,-6813.398526
-553.991145,-6814.351303
-554.291451,-6815.305146
-554.588393,-6816.260041
-554.881966,-6817.215977
-555.172166,-6818.172942
-555.458991,-6819.130925
-555.742436,-6820.089913
-556.022498,-6821.049894
-556.299174,-6822.010857
-556.572459,-6822.972789
-556.842352,-6823.935679
-557.108847,-6824.899515
-557.371943,-6825.864284
-557.631635,-6826.829975
-557.887920,-6827.796576
-558.140796,-6828.764074
-558.390259,-6829.732457
-558.636307,-6830.701715
-558.878935,-6831.671834
-559.118141,-6832.642802
-559.353922,-6833.614608
-559.586275,-6834.587239
-559.815197,-6835.560683
-560.040686,-6836.534928
-560.262738,-6837.509962
-560.481351,-6838.485773
-560.696522,-6839.462349
-560.908248,-6840.439678
-561.116527,-6841.417747
-561.321357,-6842.396544
-561.522733,-6843.376057
-561.720655,-6844.356274
-561.915120,-6845.337183
-562.106125,-6846.318772
-562.293667,-6847.301028
-562.477745,-6848.283939
-562.658357,-6849.267493
-562.835499,-6850.251678
-563.009170,-6851.236481
-563.179368,-6852.221890
-563.346090,-6853.207894
-563.509335,-6854.194479
-563.669100,-6855.181633
-563.825384,-6856.169345
-563.978184,-6857.157602
-564.127498,-6858.146391
-564.273325,-6859.135700
-564.415664,-6860.125518
-564.554511,-6861.115831
-564.689866,-6862.106628
-564.821726,-6863.097896
-564.950091,-6864.089622
-565.074958,-6865.081795
-565.196325,-6866.074402
-565.314193,-6867.067431
-565.428558,-6868.060869
-565.539420,-6869.054705
-565.646777,-6870.048925
-565.750628,-6871.043517
-565.850972,-6872.038469
-565.947806,-6873.033769
-566.041131,-6874.029405
-566.130945,-6875.025363
-566.217246,-6876.021631
-566.300035,-6877.018198
-566.379309,-6878.015050
-566.455067,-6879.012176
-566.527310,-6880.009562
-566.596035,-6881.007197
-566.661243,-6882.005069
-566.722931,-6883.003164
-566.781100,-6884.001470
-566.835749,-6884.999975
-566.886877,-6885.998667
-566.934483,-6886.997532
-566.978567,-6887.996559
-567.019129,-6888.995736
-567.056167,-6889.995049
-567.089681,-6890.994487
-567.119672,-6891.994037
-567.146137,-6892.993686
-567.169078,-6893.993422
-567.188494,-6894.993233
-567.204385,-6895.993106
-567.216750,-6896.993029
-567.225589,-6897.992990
-567.230903,-6898.992975
-567.232691,-6899.992973
-567.230953,-6900.992971
-567.225689,-6901.992957
-567.216899,-6902.992918
-567.204583,-6903.992841
-567.188742,-6904.992715
-567.169376,-6905.992527
-567.146484,-6906.992265
-567.120068,-6907.991915
-567.090127,-6908.991466
-567.056662,-6909.990906
-567.019674,-6910.990221
-566.979162,-6911.989399
-566.935127,-6912.988429
-566.887570,-6913.987297
-566.836492,-6914.985991
-566.781893,-6915.984499
-566.723773,-6916.982808
-566.662134,-6917.980906
-566.596976,-6918.978780
-566.528300,-6919.976419
-566.456107,-6920.973809
-566.380398,-6921.970938
-566.301173,-6922.967795
-566.218434,-6923.964365
-566.132182,-6924.960638
-566.042418,-6925.956601
-565.949142,-6926.952241
-565.852357,-6927.947545
-565.752063,-6928.942503
-565.648261,-6929.937100
-565.540953,-6930.931325
-565.430141,-6931.925166
-565.315824,-6932.918610
-565.198006,-6933.911645
-565.076687,-6934.904258
-564.951870,-6935.896437
-564.823554,-6936.888170
-564.691743,-6937.879444
-564.556437,-6938.870248
-564.417639,-6939.860568
-564.275350,-6940.850392
-564.129572,-6941.839709
-563.980306,-6942.828506
-563.827555,-6943.816770
-563.671321,-6944.804489
-563.511604,-6945.791652
-563.348409,-6946.778245
-563.181735,-6947.764257
-563.011586,-6948.749675
-562.837964,-6949.734486
-562.660870,-6950.718680
-562.480308,-6951.702243
-562.296278,-6952.685163
-562.108784,-6953.667428
-561.917828,-6954.649026
-561.723412,-6955.629945
-561.525539,-6956.610172
-561.324211,-6957.589695
-561.119430,-6958.568503
-560.911199,-6959.546582
-560.699521,-6960.523921
-560.484399,-6961.500507
-560.265834,-6962.476329
-560.043830,-6963.451375
-559.818390,-6964.425631
-559.589516,-6965.399086
-559.357211,-6966.371729
-559.121478,-6967.343546
-558.882320,-6968.314526
-558.639740,-6969.284657
-558.393741,-6970.253927
-558.144326,-6971.222323
-557.891498,-6972.189834
-557.635260,-6973.156447
-557.375616,-6974.122151
-557.112568,-6975.086933
-556.846120,-6976.050782
-556.576276,-6977.013685
-556.303038,-6977.975631
-556.026410,-6978.936608
-555.746396,-6979.896603
-555.462998,-6980.855605
-555.176221,-6981.813602
-554.886068,-6982.770581
-554.592542,-6983.726532
-554.295648,-6984.681442
-553.995389,-6985.635299
-553.691768,-6986.588091
-553.384790,-6987.539807
-553.074458,-6988.490435
-552.760776,-6989.439963
-552.443748,-6990.388378
-552.123378,-6991.335670
-551.799670,-6992.281827
-551.472628,-6993.226836
-551.142257,-6994.170687
-550.808559,-6995.113366
-550.471539,-6996.054863
-550.131203,-6996.995166
-549.787552,-6997.934263
-549.440593,-6998.872143
-549.090329,-6999.808794
-548.736765,-7000.744203
-548.379905,-7001.678361
-548.019753,-7002.611254
-547.656314,-7003.542871
-547.289593,-7004.473202
-546.919594,-7005.402233
-546.546321,-7006.329954
-546.169780,-7007.256354
-545.789975,-7008.181419
-545.406910,-7009.105140
-545.020591,-7010.027505
-544.631022,-7010.948502
-544.238208,-7011.868119
-543.842154,-7012.786346
-543.442865,-7013.703170
-543.040346,-7014.618581
-542.634602,-7015.532568
-542.225638,-7016.445117
-541.813458,-7017.356220
-541.398069,-7018.265863
-540.979475,-7019.174036
-540.557682,-7020.080727
-540.132694,-7020.985926
-539.704517,-7021.889620
-539.273157,-7022.791799
-538.838619,-7023.692452
-538.400907,-7024.591567
-537.960028,-7025.489133
-537.515987,-7026.385139
-537.068790,-7027.279574
-536.618441,-7028.172426
-536.164948,-7029.063685
-535.708315,-7029.953339
-535.248547,-7030.841378
-534.785652,-7031.727791
-534.319634,-7032.612565
-533.850499,-7033.495691
-533.378254,-7034.377158
-532.902903,-7035.256954
-532.424453,-7036.135068
-531.942911,-7037.011490
-531.458281,-7037.886209
-530.970569,-7038.759213
-530.479783,-7039.630492
-529.985928,-7040.500036
-529.489010,-7041.367833
-528.989035,-7042.233872
-528.486010,-7043.098143
-527.979941,-7043.960636
-527.470834,-7044.821338
-526.958695,-7045.680240
-526.443531,-7046.537331
-525.925348,-7047.392601
-525.404153,-7048.246037
-524.879952,-7049.097631
-524.352751,-7049.947372
-523.822558,-7050.795248
-523.289379,-7051.641249
-522.753220,-7052.485366
-522.214088,-7053.327587
-521.671989,-7054.167901
-521.126932,-7055.006299
-520.578921,-7055.842770
-520.027965,-7056.677303
-519.474070,-7057.509889
-518.917242,-7058.340517
-518.357490,-7059.169176
-517.794819,-7059.995856
-517.229237,-7060.820547
-516.660750,-7061.643239
-516.089366,-7062.463922
-515.515093,-7063.282585
-514.937936,-7064.099217
-514.357903,-7064.913810
-513.775002,-7065.726353
-513.189240,-7066.536835
-512.600624,-7067.345247
-512.009161,-7068.151578
-511.414858,-7068.955819
-510.817724,-7069.757960
-510.217765,-7070.557990
-509.614989,-7071.355900
-509.009404,-7072.151679
-508.401016,-7072.945319
-507.789834,-7073.736808
-507.175865,-7074.526138
-506.559116,-7075.313297
-505.939597,-7076.098278
-505.317313,-7076.881069
-504.692273,-7077.661661
-504.064484,-7078.440044
-503.433956,-7079.216209
-502.800694,-7079.990146
-502.164707,-7080.761846
-501.526004,-7081.531298
-500.884591,-7082.298494
-500.240478,-7083.063423
-499.593671,-7083.826076
-498.944179,-7084.586444
-498.292011,-7085.344517
-497.637173,-7086.100286
-496.979675,-7086.853742
-496.319525,-7087.604875
-495.656730,-7088.353675
-494.991299,-7089.100134
-494.323240,-7089.844241
-493.652562,-7090.585989
-492.979272,-7091.325367
-492.303380,-7092.062367
-491.624894,-7092.796979
-490.943821,-7093.529195
-490.260171,-7094.259004
-489.573952,-7094.986398
-488.885173,-7095.711369
-488.193842,-7096.433906
-487.499967,-7097.154001
-486.803558,-7097.871645
-486.104623,-7098.586830
-485.403170,-7099.299545
-484.699209,-7100.009783
-483.992748,-7100.717534
-483.283796,-7101.422790
-482.572362,-7102.125542
-481.858454,-7102.825781
-481.142082,-7103.523499
-480.423254,-7104.218687
-479.701980,-7104.911335
-478.978268,-7105.601436
-478.252127,-7106.288982
-477.523566,-7106.973962
-476.792595,-7107.656370
-476.059222,-7108.336196
-475.323457,-7109.013432
-474.585309,-7109.688069
-473.844786,-7110.360100
-473.101899,-7111.029516
-472.356656,-7111.696308
-471.609066,-7112.360468
-470.859140,-7113.021988
-470.106885,-7113.680860
-469.352312,-7114.337076
-468.595430,-7114.990626
-467.836249,-7115.641505
-467.074777,-7116.289702
-466.311025,-7116.935210
-465.545001,-7117.578022
-464.776716,-7118.218129
-464.006178,-7118.855522
-463.233398,-7119.490195
-462.458385,-7120.122140
-461.681148,-7120.751347
-460.901698,-7121.377811
-460.120044,-7122.001522
-459.336195,-7122.622473
-458.550163,-7123.240657
-457.761955,-7123.856066
-456.971582,-7124.468691
-456.179054,-7125.078526
-455.384381,-7125.685563
-454.587573,-7126.289794
-453.788639,-7126.891212
-452.987589,-7127.489809
-452.184434,-7128.085578
-451.379183,-7128.678511
-450.571847,-7129.268602
-449.762435,-7129.855842
-448.950957,-7130.440225
-448.137425,-7131.021743
-447.321846,-7131.600389
-446.504233,-7132.176156
-445.684595,-7132.749036
-444.862941,-7133.319023
-444.039284,-7133.886110
-443.213632,-7134.450288
-442.385995,-7135.011552
-441.556385,-7135.569894
-440.724812,-7136.125308
-439.891285,-7136.677786
-439.055816,-7137.227322
-438.218414,-7137.773909
-437.379090,-7138.317540
-436.537854,-7138.858208
-435.694718,-7139.395906
-434.849691,-7139.930629
-434.002783,-7140.462368
-433.154007,-7140.991119
-432.303371,-7141.516873
-431.450886,-7142.039625
-430.596564,-7142.559367
-429.740415,-7143.076095
-428.882449,-7143.589800
-428.022677,-7144.100477
-427.161109,-7144.608120
-426.297758,-7145.112721
-425.432632,-7145.614275
-424.565743,-7146.112776
-423.697102,-7146.608217
-422.826720,-7147.100593
-421.954607,-7147.589896
-421.080774,-7148.076122
-420.205233,-7148.559263
-419.327993,-7149.039314
-418.449066,-7149.516270
-417.568463,-7149.990123
-416.686194,-7150.460869
-415.802271,-7150.928500
-414.916705,-7151.393013
-414.029507,-7151.854400
-413.140687,-7152.312656
-412.250257,-7152.767775
-411.358228,-7153.219752
-410.464611,-7153.668581
-409.569417,-7154.114256
-408.672657,-7154.556772
-407.774342,-7154.996124
-406.874484,-7155.432305
-405.973094,-7155.865311
-405.070182,-7156.295136
-404.165761,-7156.721775
-403.259841,-7157.145222
-402.352433,-7157.565473
-401.443549,-7157.982521
-400.533201,-7158.396363
-399.621399,-7158.806992
-398.708155,-7159.214403
-397.793480,-7159.618592
-396.877385,-7160.019553
-395.959883,-7160.417282
-395.040984,-7160.811774
-394.120700,-7161.203023
-393.199042,-7161.591024
-392.276021,-7161.975774
-391.351650,-7162.357267
-390.425939,-7162.735498
-389.498901,-7163.110463
-388.570546,-7163.482157
-387.640887,-7163.850576
-386.709934,-7164.215714
-385.777699,-7164.577567
-384.844195,-7164.936132
-383.909432,-7165.291402
-382.973422,-7165.643375
-382.036177,-7165.992045
-381.097709,-7166.337408
-380.158028,-7166.679461
-379.217148,-7167.018198
-378.275079,-7167.353615
-377.331833,-7167.685709
-376.387422,-7168.014475
-375.441858,-7168.339909
-374.495152,-7168.662007
-373.547317,-7168.980765
-372.598363,-7169.296179
-371.648303,-7169.608245
-370.697149,-7169.916960
-369.744912,-7170.222318
-368.791605,-7170.524318
-367.837238,-7170.822954
-366.881825,-7171.118224
-365.925376,-7171.410123
-364.967904,-7171.698648
-364.009421,-7171.983795
-363.049938,-7172.265561
-362.089468,-7172.543942
-361.128023,-7172.818935
-360.165613,-7173.090536
-359.202252,-7173.358742
-358.237952,-7173.623550
-357.272723,-7173.884956
-356.306579,-7174.142958
-355.339531,-7174.397551
-354.371592,-7174.648733
-353.402773,-7174.896500
-352.433087,-7175.140850
-351.462544,-7175.381780
-350.491159,-7175.619286
-349.518942,-7175.853365
-348.545906,-7176.084015
-347.572062,-7176.311233
-346.597424,-7176.535016
-345.622002,-7176.755361
-344.645810,-7176.972265
-343.668859,-7177.185727
-342.691161,-7177.395742
-341.712729,-7177.602308
-340.733575,-7177.805424
-339.753711,-7178.005086
-338.773149,-7178.201291
-337.791901,-7178.394038
-336.809979,-7178.583325
-335.827396,-7178.769147
-334.844165,-7178.951505
-333.860296,-7179.130394
-332.875803,-7179.305813
-331.890697,-7179.477760
-330.904991,-7179.646233
-329.918697,-7179.811228
-328.931828,-7179.972746
-327.944395,-7180.130783
-326.956412,-7180.285337
-325.967889,-7180.436407
-324.978840,-7180.583990
-323.989277,-7180.728085
-322.999211,-7180.868690
-322.008657,-7181.005804
-321.017624,-7181.139424
-320.026127,-7181.269549
-319.034178,-7181.396177
-318.041788,-7181.519307
-317.048970,-7181.638937
-316.055736,-7181.755066
-315.062099,-7181.867692
-314.068071,-7181.976814
-313.073665,-7182.082431
-312.078892,-7182.184540
-311.083766,-7182.283142
-310.088298,-7182.378234
-309.092501,-7182.469816
-308.096387,-7182.557886
-307.099969,-7182.642443
-306.103259,-7182.723487
-305.106269,-7182.801016
-304.109012,-7182.875029
-303.111501,-7182.945525
-302.113747,-7183.012504
-301.115763,-7183.075965
-300.117562,-7183.135906
-299.119155,-7183.192327
-298.120556,-7183.245228
-297.121776,-7183.294608
-296.122829,-7183.340465
-295.123726,-7183.382800
-294.124480,-7183.421613
-293.125103,-7183.456901
-292.125609,-7183.488666
-291.126008,-7183.516907
-290.126314,-7183.541622
-289.126539,-7183.562813
-288.126696,-7183.580479
-287.126796,-7183.594619
-286.126853,-7183.605234
-285.126879,-7183.612323
-284.126885,-7183.615886
-283.126886,-7183.615923
-282.126893,-7183.612434
-281.126918,-7183.605420
-280.126974,-7183.594879
-279.127073,-7183.580814
-278.127228,-7183.563222
-277.127452,-7183.542106
-276.127756,-7183.517464
-275.128153,-7183.489298
-274.128656,-7183.457607
-273.129277,-7183.422393
-272.130028,-7183.383655
-271.130922,-7183.341394
-270.131971,-7183.295611
-269.133188,-7183.246305
-268.134585,-7183.193479
-267.136174,-7183.137132
-266.137968,-7183.077265
-265.139980,-7183.013878
-264.142221,-7182.946974
-263.144704,-7182.876551
-262.147442,-7182.802612
-261.150446,-7182.725158
-260.153730,-7182.644188
-259.157306,-7182.559705
-258.161186,-7182.471709
-257.165382,-7182.380201
-256.169907,-7182.285183
-255.174773,-7182.186655
-254.179993,-7182.084619
-253.185578,-7181.979077
-252.191543,-7181.870029
-251.197897,-7181.757477
-250.204655,-7181.641422
-249.211828,-7181.521865
-248.219429,-7181.398809
-247.227470,-7181.272254
-246.235963,-7181.142203
-245.244921,-7181.008657
-244.254356,-7180.871617
-243.264280,-7180.731085
-242.274706,-7180.587064
-241.285646,-7180.439554
-240.297112,-7180.288557
-239.309117,-7180.134077
-238.321673,-7179.976113
-237.334791,-7179.814669
-236.348485,-7179.649747
-235.362767,-7179.481347
-234.377649,-7179.309474
-233.393142,-7179.134128
-232.409260,-7178.955311
-231.426015,-7178.773027
-230.443418,-7178.587278
-229.461483,-7178.398064
-228.480221,-7178.205390
-227.499644,-7178.009257
-226.519765,-7177.809668
-225.540595,-7177.606626
-224.562148,-7177.400132
-223.584435,-7177.190189
-222.607468,-7176.976801
-221.631259,-7176.759969
-220.655821,-7176.539697
-219.681166,-7176.315986
-218.707306,-7176.088841
-217.734253,-7175.858263
-216.762018,-7175.624256
-215.790615,-7175.386822
-214.820055,-7175.145965
-213.850350,-7174.901687
-212.881513,-7174.653991
-211.913555,-7174.402881
-210.946488,-7174.148360
-209.980325,-7173.890430
-209.015077,-7173.629096
-208.050757,-7173.364360
-207.087376,-7173.096225
-206.124947,-7172.824696
-205.163480,-7172.549774
-204.202990,-7172.271464
-203.243486,-7171.989770
-202.284982,-7171.704694
-201.327488,-7171.416240
-200.371018,-7171.124412
-199.415583,-7170.829214
-198.461194,-7170.530648
-197.507864,-7170.228719
-196.555605,-7169.923431
-195.604427,-7169.614788
-194.654344,-7169.302792
-193.705367,-7168.987448
-192.757508,-7168.668761
-191.810778,-7168.346733
-190.865190,-7168.021370
-189.920755,-7167.692674
-188.977484,-7167.360650
-188.035390,-7167.025303
-187.094484,-7166.686636
-186.154779,-7166.344653
-185.216284,-7165.999360
-184.279014,-7165.650759
-183.342978,-7165.298856
-182.408188,-7164.943655
-181.474657,-7164.585160
-180.542396,-7164.223376
-179.611416,-7163.858307
-178.681729,-7163.489957
-177.753347,-7163.118332
-176.826280,-7162.743436
-175.900542,-7162.365274
-174.976142,-7161.983850
-174.053093,-7161.599169
-173.131406,-7161.211236
-172.211093,-7160.820055
-171.292164,-7160.425632
-170.374632,-7160.027971
-169.458508,-7159.627078
-168.543803,-7159.222957
-167.630529,-7158.815613
-166.718696,-7158.405052
-165.808317,-7157.991279
-164.899402,-7157.574298
-163.991964,-7157.154115
-163.086012,-7156.730735
-162.181559,-7156.304163
-161.278615,-7155.874405
-160.377193,-7155.441466
-159.477302,-7155.005351
-158.578955,-7154.566067
-157.682162,-7154.123617
-156.786935,-7153.678008
-155.893284,-7153.229246
-155.001222,-7152.777335
-154.110758,-7152.322282
-153.221904,-7151.864092
-152.334671,-7151.402771
-151.449071,-7150.938325
-150.565113,-7150.470759
-149.682810,-7150.000079
-148.802171,-7149.526291
-147.923209,-7149.049401
-147.045934,-7148.569415
-146.170356,-7148.086338
-145.296487,-7147.600178
-144.424338,-7147.110939
-143.553919,-7146.618629
-142.685241,-7146.123252
-141.818315,-7145.624816
-140.953152,-7145.123326
-140.089763,-7144.618788
-139.228158,-7144.111210
-138.368348,-7143.600597
-137.510344,-7143.086955
-136.654156,-7142.570291
-135.799795,-7142.050612
-134.947272,-7141.527924
-134.096597,-7141.002233
-133.247781,-7140.473546
-132.400834,-7139.941869
-131.555767,-7139.407209
-130.712591,-7138.869574
-129.871315,-7138.328968
-129.031951,-7137.785400
-128.194508,-7137.238875
-127.358998,-7136.689401
-126.525430,-7136.136985
-125.693815,-7135.581633
-124.864164,-7135.023353
-124.036486,-7134.462150
-123.210792,-7133.898033
-122.387092,-7133.331008
-121.565396,-7132.761082
-120.745715,-7132.188263
-119.928059,-7131.612557
-119.112438,-7131.033971
-118.298862,-7130.452514
-117.487341,-7129.868191
-116.677885,-7129.281011
-115.870505,-7128.690980
-115.065210,-7128.098107
-114.262011,-7127.502397
-113.460917,-7126.903860
-112.661938,-7126.302501
-111.865085,-7125.698329
-111.070367,-7125.091352
-110.277793,-7124.481576
-109.487375,-7123.869009
-108.699122,-7123.253659
-107.913043,-7122.635534
-107.129148,-7122.014641
-106.347448,-7121.390987
-105.567951,-7120.764582
-104.790668,-7120.135432
-104.015608,-7119.503545
-103.242780,-7118.868930
-102.472195,-7118.231593
-101.703862,-7117.591544
-100.937791,-7116.948789
-100.173991,-7116.303337
-99.412471,-7115.655197
-98.653241,-7115.004375
-97.896310,-7114.350880
-97.141689,-7113.694721
-96.389385,-7113.035905
-95.639409,-7112.374440
-94.891771,-7111.710336
-94.146478,-7111.043599
-93.403541,-7110.374239
-92.662968,-7109.702263
-91.924770,-7109.027680
-91.188954,-7108.350499
-90.455531,-7107.670728
-89.724509,-7106.988374
-88.995897,-7106.303448
-88.269705,-7105.615957
-87.545942,-7104.925909
-86.824616,-7104.233314
-86.105737,-7103.538180
-85.389313,-7102.840516
-84.675353,-7102.140330
-83.963866,-7101.437631
-83.254862,-7100.732427
-82.548349,-7100.024729
-81.844335,-7099.314543
-81.142829,-7098.601880
-80.443841,-7097.886747
-79.747378,-7097.169155
-79.053450,-7096.449111
-78.362065,-7095.726625
-77.673232,-7095.001706
-76.986959,-7094.274363
-76.303255,-7093.544604
-75.622128,-7092.812440
-74.943587,-7092.077878
-74.267640,-7091.340928
-73.594296,-7090.601600
-72.923562,-7089.859902
-72.255448,-7089.115844
-71.589962,-7088.369435
-70.927111,-7087.620684
-70.266905,-7086.869600
-69.609351,-7086.116194
-68.954457,-7085.360473
-68.302232,-7084.602448
-67.652684,-7083.842129
-67.005821,-7083.079523
-66.361650,-7082.314642
-65.720181,-7081.547494
-65.081420,-7080.778090
-64.445376,-7080.006437
-63.812057,-7079.232547
-63.181470,-7078.456429
-62.553624,-7077.678092
-61.928526,-7076.897547
-61.306184,-7076.114802
-60.686606,-7075.329868
-60.069799,-7074.542754
-59.455771,-7073.753470
-58.844530,-7072.962026
-58.236084,-7072.168432
-57.630439,-7071.372697
-57.027604,-7070.574832
-56.427585,-7069.774847
-55.830391,-7068.972751
-55.236029,-7068.168554
-54.644506,-7067.362266
-54.055830,-7066.553898
-53.470007,-7065.743459
-52.887046,-7064.930960
-52.306953,-7064.116411
-51.729735,-7063.299821
-51.155401,-7062.481201
-50.583956,-7061.660561
-50.015408,-7060.837911
-49.449765,-7060.013262
-48.887032,-7059.186623
-48.327218,-7058.358006
-47.770329,-7057.527420
-47.216372,-7056.694875
-46.665354,-7055.860383
-46.117281,-7055.023952
-45.572161,-7054.185595
-45.030000,-7053.345321
-44.490806,-7052.503140
-43.954584,-7051.659064
-43.421342,-7050.813102
-42.891086,-7049.965265
-42.363822,-7049.115564
-41.839558,-7048.264009
-41.318299,-7047.410610
-40.800053,-7046.555380
-40.284825,-7045.698327
-39.772622,-7044.839463
-39.263451,-7043.978798
-38.757318,-7043.116344
-38.254228,-7042.252110
-37.754189,-7041.386108
-37.257207,-7040.518348
-36.763287,-7039.648841
-36.272436,-7038.777598
-35.784660,-7037.904630
-35.299965,-7037.029947
-34.818357,-7036.153561
-34.339842,-7035.275482
-33.864426,-7034.395722
-33.392115,-7033.514290
-32.922914,-7032.631199
-32.456831,-7031.746459
-31.993869,-7030.860081
-31.534036,-7029.972076
-31.077337,-7029.082456
-30.623777,-7028.191231
-30.173362,-7027.298412
-29.726098,-7026.404010
-29.281991,-7025.508037
-28.841045,-7024.610504
-28.403267,-7023.711422
-27.968661,-7022.810801
-27.537234,-7021.908654
-27.108990,-7021.004992
-26.683935,-7020.099825
-26.262074,-7019.193165
-25.843413,-7018.285023
-25.427956,-7017.375411
-25.015709,-7016.464339
-24.606677,-7015.551820
-24.200865,-7014.637864
-23.798278,-7013.722483
-23.398921,-7012.805688
-23.002798,-7011.887490
-22.609916,-7010.967902
-22.220279,-7010.046934
-21.833891,-7009.124598
-21.450758,-7008.200906
-21.070884,-7007.275868
-20.694274,-7006.349497
-20.320932,-7005.421804
-19.950864,-7004.492800
-19.584073,-7003.562497
-19.220565,-7002.630906
-18.860344,-7001.698040
-18.503415,-7000.763909
-18.149781,-6999.828525
-17.799447,-6998.891901
-17.452418,-6997.954047
-17.108698,-6997.014976
-16.768292,-6996.074698
-16.431202,-6995.133226
-16.097434,-6994.190571
-15.766992,-6993.246745
-15.439880,-6992.301760
-15.116102,-6991.355628
-14.795662,-6990.408360
-14.478564,-6989.459967
-14.164811,-6988.510463
-13.854409,-6987.559858
-13.547360,-6986.608165
-13.243668,-6985.655395
-12.943338,-6984.701561
-12.646373,-6983.746673
-12.352776,-6982.790744
-12.062552,-6981.833786
-11.775703,-6980.875811
-11.492235,-6979.916830
-11.212149,-6978.956855
-10.935449,-6977.995899
-10.662140,-6977.033974
-10.392224,-6976.071090
-10.125704,-6975.107261
-9.862585,-6974.142498
-9.602869,-6973.176814
-9.346559,-6972.210220
-9.093659,-6971.242728
-8.844172,-6970.274350
-8.598101,-6969.305099
-8.355449,-6968.334986
-8.116219,-6967.364024
-7.880414,-6966.392224
-7.648037,-6965.419599
-7.419090,-6964.446160
-7.193577,-6963.471921
-6.971501,-6962.496892
-6.752864,-6961.521086
-6.537669,-6960.544516
-6.325918,-6959.567192
-6.117615,-6958.589129
-5.912762,-6957.610337
-5.711360,-6956.630828
-5.513414,-6955.650616
-5.318925,-6954.669712
-5.127896,-6953.688128
-4.940329,-6952.705877
-4.756227,-6951.722970
-4.575591,-6950.739420
-4.398424,-6949.755240
-4.224729,-6948.770441
-4.054507,-6947.785036
-3.887760,-6946.799037
-3.724491,-6945.812456
-3.564701,-6944.825305
-3.408393,-6943.837597
-3.255569,-6942.849345
-3.106230,-6941.860559
-2.960378,-6940.871253
-2.818015,-6939.881439
-2.679143,-6938.891129
-2.543764,-6937.900336
-2.411879,-6936.909071
-2.283490,-6935.917348
-2.158598,-6934.925178
-2.037206,-6933.932574
-1.919314,-6932.939548
-1.804924,-6931.946113
-1.694037,-6930.952280
-1.586656,-6929.958063
-1.482780,-6928.963473
-1.382412,-6927.968523
-1.285553,-6926.973226
-1.192203,-6925.977593
-1.102365,-6924.981637
-1.016039,-6923.985371
-0.933226,-6922.988806
-0.853927,-6921.991956
-0.778144,-6920.994832
-0.705876,-6919.997447
-0.637126,-6918.999814
-0.571894,-6918.001944
-0.510181,-6917.003851
-0.451987,-6916.005546
-0.397313,-6915.007042
-0.346161,-6914.008352
-0.298530,-6913.009487
-0.254421,-6912.010461
-0.213835,-6911.011286
-0.176772,-6910.011973
-0.143233,-6909.012536
-0.113218,-6908.012987
-0.086727,-6907.013339
-0.063761,-6906.013603
-0.044321,-6905.013793
-0.028405,-6904.013920
-0.016015,-6903.013997
-0.007151,-6902.014037
-0.001813,-6901.014052
-0.000000,-6900.014054
-0.001714,-6899.014056
-0.006953,-6898.014070
-0.015718,-6897.014109
-0.028009,-6896.014185
-0.043825,-6895.014311
-0.063167,-6894.014498
-0.086033,-6893.014760
-0.112425,-6892.015109
-0.142341,-6891.015557
-0.175781,-6890.016117
-0.212745,-6889.016801
-0.253232,-6888.017621
-0.297242,-6887.018591
-0.344774,-6886.019721
-0.395828,-6885.021026
-0.450402,-6884.022517
-0.508497,-6883.024206
-0.570111,-6882.026107
-0.635245,-6881.028231
-0.703896,-6880.030591
-0.776064,-6879.033199
-0.851749,-6878.036067
-0.930949,-6877.039209
-1.013663,-6876.042636
-1.099890,-6875.046361
-1.189630,-6874.050397
-1.282881,-6873.054755
-1.379642,-6872.059447
-1.479911,-6871.064488
-1.583688,-6870.069888
-1.690971,-6869.075660
-1.801759,-6868.081816
-1.916051,-6867.088369
-2.033844,-6866.095332
-2.155139,-6865.102716
-2.279932,-6864.110533
-2.408223,-6863.118797
-2.540009,-6862.127520
-2.675291,-6861.136713
-2.814064,-6860.146389
-2.956329,-6859.156561
-3.102083,-6858.167241
-3.251324,-6857.178441
-3.404050,-6856.190173
-3.560260,-6855.202449
-3.719952,-6854.215283
-3.883123,-6853.228686
-4.049772,-6852.242670
-4.219897,-6851.257248
-4.393495,-6850.272432
-4.570564,-6849.288234
-4.751102,-6848.304666
-4.935107,-6847.321742
-5.122577,-6846.339472
-5.313509,-6845.357869
-5.507900,-6844.376946
-5.705749,-6843.396714
-5.907053,-6842.417185
-6.111810,-6841.438373
-6.320016,-6840.460288
-6.531670,-6839.482944
-6.746768,-6838.506352
-6.965309,-6837.530525
-7.187288,-6836.555474
-7.412705,-6835.581212
-7.641555,-6834.607751
-7.873835,-6833.635103
-8.109544,-6832.663280
-8.348678,-6831.692294
-8.591234,-6830.722157
-8.837209,-6829.752881
-9.086600,-6828.784479
-9.339404,-6827.816962
-9.595618,-6826.850342
-9.855239,-6825.884632
-10.118262,-6824.919843
-10.384686,-6823.955988
-10.654507,-6822.993078
-10.927721,-6822.031125
-11.204325,-6821.070142
-11.484316,-6820.110139
-11.767690,-6819.151130
-12.054443,-6818.193127
-12.344572,-6817.236140
-12.638074,-6816.280182
-12.934945,-6815.325265
-13.235181,-6814.371400
-13.538778,-6813.418600
-13.845732,-6812.466876
-14.156041,-6811.516241
-14.469699,-6810.566706
-14.786703,-6809.618282
-15.107050,-6808.670982
-15.430734,-6807.724818
-15.757753,-6806.779800
-16.088101,-6805.835942
-16.421775,-6804.893254
-16.758772,-6803.951748
-17.099085,-6803.011437
-17.442712,-6802.072331
-17.789648,-6801.134443
-18.139889,-6800.197784
-18.493430,-6799.262365
-18.850267,-6798.328199
-19.210396,-6797.395297
-19.573811,-6796.463671
-19.940509,-6795.533331
-20.310486,-6794.604291
-20.683735,-6793.676560
-21.060254,-6792.750152
-21.440036,-6791.825076
-21.823078,-6790.901346
-22.209374,-6789.978972
-22.598920,-6789.057965
-22.991711,-6788.138338
-23.387742,-6787.220101
-23.787009,-6786.303267
-24.189505,-6785.387846
-24.595227,-6784.473850
-25.004168,-6783.561290
-25.416325,-6782.650178
-25.831692,-6781.740524
-26.250263,-6780.832341
-26.672034,-6779.925639
-27.096999,-6779.020430
-27.525153,-6778.116725
-27.956491,-6777.214535
-28.391008,-6776.313871
-28.828697,-6775.414746
-29.269554,-6774.517169
-29.713572,-6773.621152
-30.160748,-6772.726706
-30.611074,-6771.833843
-31.064545,-6770.942572
-31.521156,-6770.052907
-31.980902,-6769.164856
-32.443775,-6768.278432
-32.909771,-6767.393646
-33.378884,-6766.510509
-33.851108,-6765.629030
-34.326437,-6764.749223
-34.804864,-6763.871097
-35.286386,-6762.994663
-35.770994,-6762.119932
-36.258683,-6761.246915
-36.749448,-6760.375624
-37.243282,-6759.506068
-37.740178,-6758.638259
-38.240132,-6757.772207
-38.743135,-6756.907923
-39.249183,-6756.045419
-39.758269,-6755.184704
-40.270387,-6754.325789
-40.785530,-6753.468685
-41.303691,-6752.613403
-41.824865,-6751.759953
-42.349045,-6750.908346
-42.876225,-6750.058593
-43.406397,-6749.210703
-43.939555,-6748.364689
-44.475693,-6747.520559
-45.014804,-6746.678325
-45.556882,-6745.837997
-46.101919,-6744.999586
-46.649908,-6744.163101
-47.200844,-6743.328554
-47.754719,-6742.495954
-48.311525,-6741.665313
-48.871258,-6740.836640
-49.433908,-6740.009946
-49.999470,-6739.185241
-50.567936,-6738.362535
-51.139299,-6737.541838
-51.713553,-6736.723161
-52.290689,-6735.906514
-52.870702,-6735.091907
-53.453582,-6734.279350
-54.039325,-6733.468853
-54.627921,-6732.660427
-55.219364,-6731.854080
-55.813646,-6731.049825
-56.410761,-6730.247669
-57.010700,-6729.447624
-57.613456,-6728.649700
-58.219022,-6727.853905
-58.827390,-6727.060251
-59.438553,-6726.268746
-60.052502,-6725.479401
-60.669231,-6724.692226
-61.288731,-6723.907231
-61.910996,-6723.124424
-62.536016,-6722.343817
-63.163785,-6721.565418
-63.794295,-6720.789237
-64.427538,-6720.015284
-65.063505,-6719.243569
-65.702189,-6718.474101
-66.343583,-6717.706890
-66.987678,-6716.941944
-67.634465,-6716.179275
-68.283938,-6715.418891
-68.936088,-6714.660802
-69.590907,-6713.905016
-70.248386,-6713.151544
-70.908518,-6712.400395
-71.571295,-6711.651579
-72.236707,-6710.905104
-72.904747,-6710.160979
-73.575407,-6709.419215
-74.248678,-6708.679820
-74.924552,-6707.942803
-75.603021,-6707.208174
-76.284075,-6706.475942
-76.967707,-6705.746116
-77.653908,-6705.018704
-78.342669,-6704.293717
-79.033982,-6703.571163
-79.727839,-6702.851050
-80.424230,-6702.133389
-81.123148,-6701.418187
-81.824583,-6700.705454
-82.528526,-6699.995199
-83.234970,-6699.287430
-83.943904,-6698.582157
-84.655321,-6697.879387
-85.369211,-6697.179130
-86.085566,-6696.481395
-86.804377,-6695.786190
-87.525634,-6695.093523
-88.249329,-6694.403404
-88.975453,-6693.715841
-89.703996,-6693.030842
-90.434951,-6692.348416
-91.168307,-6691.668572
-91.904055,-6690.991318
-92.642187,-6690.316662
-93.382693,-6689.644613
-94.125564,-6688.975179
-94.870790,-6688.308369
-95.618363,-6687.644190
-96.368273,-6686.982651
-97.120512,-6686.323760
-97.875068,-6685.667526
-98.631934,-6685.013957
-99.391099,-6684.363060
-100.152555,-6683.714843
-100.916291,-6683.069316
-101.682299,-6682.426486
-102.450569,-6681.786360
-103.221090,-6681.148947
-103.993855,-6680.514255
-104.768852,-6679.882291
-105.546073,-6679.253064
-106.325508,-6678.626582
-107.107147,-6678.002851
-107.890980,-6677.381880
-108.676997,-6676.763677
-109.465190,-6676.148249
-110.255547,-6675.535604
-111.048060,-6674.925749
-111.842718,-6674.318693
-112.639512,-6673.714442
-113.438431,-6673.113005
-114.239465,-6672.514388
-115.042606,-6671.918599
-115.847842,-6671.325645
-116.655164,-6670.735534
-117.464561,-6670.148274
-118.276024,-6669.563871
-119.089542,-6668.982333
-119.905106,-6668.403667
-120.722705,-6667.827880
-121.542330,-6667.254979
-122.363969,-6666.684972
-123.187612,-6666.117865
-124.013251,-6665.553666
-124.840873,-6664.992382
-125.670469,-6664.434019
-126.502029,-6663.878584
-127.335542,-6663.326085
-128.170998,-6662.776529
-129.008386,-6662.229921
-129.847696,-6661.686270
-130.688918,-6661.145581
-131.532042,-6660.607862
-132.377056,-6660.073118
-133.223950,-6659.541358
-134.072713,-6659.012586
-134.923336,-6658.486811
-135.775808,-6657.964038
-136.630117,-6657.444274
-137.486254,-6656.927526
-138.344207,-6656.413799
-139.203966,-6655.903101
-140.065521,-6655.395437
-140.928860,-6654.890814
-141.793974,-6654.389238
-142.660850,-6653.890716
-143.529478,-6653.395253
-144.399849,-6652.902856
-145.271949,-6652.413531
-146.145770,-6651.927284
-147.021300,-6651.444121
-147.898528,-6650.964048
-148.777443,-6650.487071
-149.658034,-6650.013196
-150.540291,-6649.542428
-151.424202,-6649.074775
-152.309757,-6648.610240
-153.196944,-6648.148831
-154.085752,-6647.690553
-154.976171,-6647.235412
-155.868189,-6646.783413
-156.761795,-6646.334562
-157.656978,-6645.888865
-158.553727,-6645.446326
-159.452031,-6645.006952
-160.351878,-6644.570749
-161.253258,-6644.137720
-162.156159,-6643.707873
-163.060570,-6643.281212
-163.966479,-6642.857742
-164.873876,-6642.437469
-165.782750,-6642.020398
-166.693088,-6641.606534
-167.604880,-6641.195883
-168.518114,-6640.788448
-169.432779,-6640.384237
-170.348863,-6639.983253
-171.266356,-6639.585501
-172.185245,-6639.190987
-173.105520,-6638.799715
-174.027168,-6638.411691
-174.950179,-6638.026918
-175.874541,-6637.645402
-176.800242,-6637.267148
-177.727271,-6636.892160
-178.655617,-6636.520443
-179.585267,-6636.152002
-180.516211,-6635.786841
-181.448436,-6635.424964
-182.381932,-6635.066376
-183.316686,-6634.711083
-184.252687,-6634.359087
-185.189923,-6634.010393
-186.128383,-6633.665007
-187.068055,-6633.322931
-188.008927,-6632.984171
-188.950988,-6632.648730
-189.894226,-6632.316613
-190.838628,-6631.987824
-191.784185,-6631.662366
-192.730882,-6631.340245
-193.678710,-6631.021463
-194.627656,-6630.706026
-195.577708,-6630.393936
-196.528854,-6630.085198
-197.481084,-6629.779816
-198.434384,-6629.477792
-199.388743,-6629.179132
-200.344149,-6628.883839
-201.300590,-6628.591916
-202.258055,-6628.303368
-203.216531,-6628.018197
-204.176007,-6627.736407
-205.136470,-6627.458002
-206.097909,-6627.182986
-207.060311,-6626.911360
-208.023666,-6626.643130
-208.987960,-6626.378299
-209.953182,-6626.116869
-210.919319,-6625.858843
-211.886361,-6625.604226
-212.854294,-6625.353020
-213.823107,-6625.105229
-214.792787,-6624.860855
-215.763323,-6624.619901
-216.734703,-6624.382371
-217.706914,-6624.148268
-218.679945,-6623.917593
-219.653783,-6623.690351
-220.628416,-6623.466544
-221.603832,-6623.246175
-222.580018,-6623.029247
-223.556964,-6622.815761
-224.534657,-6622.605722
-225.513084,-6622.399131
-226.492233,-6622.195992
-227.472092,-6621.996305
-228.452650,-6621.800075
-229.433893,-6621.607304
-230.415809,-6621.417993
-231.398388,-6621.232146
-232.381615,-6621.049765
-233.365479,-6620.870851
-234.349968,-6620.695407
-235.335070,-6620.523436
-236.320771,-6620.354939
-237.307061,-6620.189919
-238.293926,-6620.028377
-239.281355,-6619.870316
-240.269335,-6619.715737
-241.257854,-6619.564643
-242.246899,-6619.417035
-243.236459,-6619.272915
-244.226521,-6619.132285
-245.217072,-6618.995147
-246.208101,-6618.861503
-247.199595,-6618.731353
-248.191541,-6618.604700
-249.183928,-6618.481546
-250.176743,-6618.361891
-251.169974,-6618.245738
-252.163608,-6618.133087
-253.157633,-6618.023940
-254.152037,-6617.918299
-255.146807,-6617.816165
-256.141931,-6617.717539
-257.137397,-6617.622422
-258.133192,-6617.530815
-259.129303,-6617.442721
-260.125719,-6617.358139
-261.122427,-6617.277070
-262.119415,-6617.199517
-263.116670,-6617.125479
-264.114180,-6617.054958
-265.111932,-6616.987954
-266.109914,-6616.924469
-267.108114,-6616.864503
-268.106519,-6616.808057
-269.105117,-6616.755131
-270.103895,-6616.705727
-271.102842,-6616.659845
-272.101944,-6616.617485
-273.101189,-6616.578648
-274.100564,-6616.543334
-275.100058,-6616.511545
-276.099658,-6616.483280
-277.099352,-6616.458539
-278.099126,-6616.437323
-279.098969,-6616.419633
-280.098868,-6616.405468
-281.098811,-6616.394828
-282.098785,-6616.387715
-283.098778,-6616.384127
-284.098778,-6616.384065
-285.098771,-6616.387529
-286.098746,-6616.394519
-287.098691,-6616.405034
-288.098592,-6616.419075
-289.098437,-6616.436642
-290.098214,-6616.457734
-291.097910,-6616.482351
-292.097514,-6616.510492
-293.097012,-6616.542158
-294.096392,-6616.577347
-295.095642,-6616.616061
-296.094749,-6616.658297
-297.093701,-6616.704055
-298.092485,-6616.753336
-299.091090,-6616.806138
-300.089502,-6616.862460
-301.087709,-6616.922302
-302.085699,-6616.985664
-303.083460,-6617.052544
-304.080978,-6617.122942
-305.078242,-6617.196856
-306.075240,-6617.274286
-307.071958,-6617.355231
-308.068384,-6617.439689
-309.064507,-6617.527661
-310.060313,-6617.619144
-311.055790,-6617.714137
-312.050926,-6617.812640
-313.045709,-6617.914651
-314.040126,-6618.020169
-315.034165,-6618.129193
-316.027813,-6618.241720
-317.021058,-6618.357751
-318.013888,-6618.477283
-319.006290,-6618.600314
-319.998252,-6618.726844
-320.989762,-6618.856871
-321.980808,-6618.990393
-322.971376,-6619.127408
-323.961455,-6619.267915
-324.951033,-6619.411912
-325.940096,-6619.559398
-326.928634,-6619.710369
-327.916633,-6619.864826
-328.904081,-6620.022765
-329.890967,-6620.184184
-330.877277,-6620.349082
-331.862999,-6620.517457
-332.848122,-6620.689306
-333.832633,-6620.864628
-334.816519,-6621.043420
-335.799769,-6621.225680
-336.782370,-6621.411405
-337.764310,-6621.600594
-338.745577,-6621.793244
-339.726159,-6621.989352
-340.706043,-6622.188917
-341.685218,-6622.391936
-342.663670,-6622.598405
-343.641388,-6622.808323
-344.618361,-6623.021688
-345.594574,-6623.238495
-346.570018,-6623.458744
-347.544678,-6623.682430
-348.518544,-6623.909551
-349.491603,-6624.140105
-350.463844,-6624.374088
-351.435253,-6624.611498
-352.405819,-6624.852331
-353.375529,-6625.096585
-354.344373,-6625.344256
-355.312337,-6625.595342
-356.279410,-6625.849840
-357.245580,-6626.107745
-358.210834,-6626.369056
-359.175161,-6626.633768
-360.138548,-6626.901879
-361.100985,-6627.173385
-362.062458,-6627.448282
-363.022955,-6627.726568
-363.982466,-6628.008239
-364.940977,-6628.293291
-365.898478,-6628.581721
-366.854955,-6628.873525
-367.810398,-6629.168700
-368.764794,-6629.467242
-369.718132,-6629.769147
-370.670399,-6630.074412
-371.621583,-6630.383032
-372.571674,-6630.695004
-373.520659,-6631.010324
-374.468526,-6631.328988
-375.415264,-6631.650992
-376.360860,-6631.976333
-377.305304,-6632.305005
-378.248583,-6632.637005
-379.190685,-6632.972329
-380.131599,-6633.310973
-381.071313,-6633.652932
-382.009816,-6633.998202
-382.947095,-6634.346780
-383.883140,-6634.698660
-384.817938,-6635.053838
-385.751478,-6635.412309
-386.683748,-6635.774071
-387.614737,-6636.139117
-388.544433,-6636.507443
-389.472825,-6636.879045
-390.399901,-6637.253918
-391.325649,-6637.632057
-392.250058,-6638.013459
-393.173116,-6638.398117
-394.094813,-6638.786027
-395.015136,-6639.177185
-395.934074,-6639.571585
-396.851616,-6639.969223
-397.767750,-6640.370094
-398.682465,-6640.774192
-399.595749,-6641.181513
-400.507592,-6641.592052
-401.417982,-6642.005803
-402.326907,-6642.422761
-403.234356,-6642.842922
-404.140318,-6643.266279
-405.044782,-6643.692828
-405.947736,-6644.122564
-406.849169,-6644.555481
-407.749071,-6644.991573
-408.647429,-6645.430835
-409.544233,-6645.873263
-410.439471,-6646.318849
-411.333133,-6646.767590
-412.225206,-6647.219478
-413.115681,-6647.674509
-414.004547,-6648.132677
-414.891791,-6648.593976
-415.777403,-6649.058401
-416.661372,-6649.525945
-417.543687,-6649.996603
-418.424337,-6650.470369
-419.303311,-6650.947237
-420.180599,-6651.427202
-421.056188,-6651.910256
-421.930069,-6652.396395
-422.802231,-6652.885612
-423.672662,-6653.377901
-424.541352,-6653.873256
-425.408290,-6654.371671
-426.273465,-6654.873140
-427.136867,-6655.377656
-427.998484,-6655.885213
-428.858307,-6656.395805
-429.716324,-6656.909425
-430.572525,-6657.426067
-431.426898,-6657.945726
-432.279435,-6658.468393
-433.130123,-6658.994063
-433.978952,-6659.522729
-434.825912,-6660.054385
-435.670992,-6660.589023
-436.514182,-6661.126638
-437.355471,-6661.667223
-438.194849,-6662.210770
-439.032305,-6662.757274
-439.867829,-6663.306727
-440.701410,-6663.859123
-441.533039,-6664.414454
-442.362704,-6664.972714
-443.190396,-6665.533896
-444.016104,-6666.097993
-444.839818,-6666.664998
-445.661527,-6667.234903
-446.481223,-6667.807702
-447.298893,-6668.383388
-448.114529,-6668.961953
-448.928119,-6669.543391
-449.739654,-6670.127693
-450.549125,-6670.714853
-451.356519,-6671.304864
-452.161829,-6671.897717
-452.965043,-6672.493407
-453.766152,-6673.091925
-454.565146,-6673.693263
-455.362014,-6674.297415
-456.156747,-6674.904373
-456.949336,-6675.514130
-457.739769,-6676.126677
-458.528038,-6676.742007
-459.314132,-6677.360113
-460.098042,-6677.980987
-460.879758,-6678.604621
-461.659270,-6679.231007
-462.436569,-6679.860138
-463.211645,-6680.492005
-463.984488,-6681.126601
-464.755088,-6681.763919
-465.523437,-6682.403949
-466.289525,-6683.046685
-467.053341,-6683.692118
-467.814877,-6684.340239
-468.574123,-6684.991042
-469.331070,-6685.644518
-470.085708,-6686.300659
-470.838027,-6686.959456
-471.588019,-6687.620902
-472.335675,-6688.284989
-473.080984,-6688.951707
-473.823938,-6689.621049
-474.564527,-6690.293006
-475.302742,-6690.967570
-476.038575,-6691.644733
-476.772015,-6692.324487
-477.503053,-6693.006822
-478.231682,-6693.691730
-478.957891,-6694.379204
-479.681672,-6695.069233
-480.403015,-6695.761810
-481.121911,-6696.456926
-481.838353,-6697.154573
-482.552330,-6697.854741
-483.263833,-6698.557423
-483.972855,-6699.262609
-484.679386,-6699.970290
-485.383418,-6700.680458
-486.084941,-6701.393104
-486.783947,-6702.108219
-487.480427,-6702.825794
-488.174373,-6703.545821
-488.865776,-6704.268289
-489.554627,-6704.993191
-490.240918,-6705.720518
-490.924641,-6706.450259
-491.605786,-6707.182407
-492.284345,-6707.916952
-492.960310,-6708.653885
-493.633673,-6709.393196
-494.304425,-6710.134878
-494.972557,-6710.878919
-495.638062,-6711.625312
-496.300931,-6712.374047
-496.961156,-6713.125114
-497.618729,-6713.878504
-498.273641,-6714.634208
-498.925885,-6715.392217
-499.575452,-6716.152521
-500.222334,-6716.915110
-500.866524,-6717.679975
-501.508012,-6718.447107
-502.146792,-6719.216496
-502.782855,-6719.988132
-503.416193,-6720.762007
-504.046799,-6721.538109
-504.674665,-6722.316431
-505.299782,-6723.096961
-505.922143,-6723.879690
-506.541741,-6724.664609
-507.158567,-6725.451708
-507.772615,-6726.240976
-508.383875,-6727.032405
-508.992342,-6727.825984
-509.598006,-6728.621704
-510.200861,-6729.419554
-510.800899,-6730.219524
-511.398113,-6731.021606
-511.992495,-6731.825788
-512.584038,-6732.632061
-513.172735,-6733.440414
-513.758577,-6734.250839
-514.341559,-6735.063323
-514.921672,-6735.877859
-515.498909,-6736.694434
-516.073264,-6737.513040
-516.644729,-6738.333666
-517.213297,-6739.156301
-517.778961,-6739.980937
-518.341714,-6740.807561
-518.901549,-6741.636165
-519.458459,-6742.466737
-520.012437,-6743.299268
-520.563476,-6744.133747
-521.111569,-6744.970163
-521.656710,-6745.808507
-522.198891,-6746.648768
-522.738106,-6747.490935
-523.274349,-6748.334999
-523.807612,-6749.180947
-524.337890,-6750.028771
-524.865174,-6750.878459
-525.389460,-6751.730001
-525.910739,-6752.583386
-526.429007,-6753.438604
-526.944256,-6754.295644
-527.456480,-6755.154496
-527.965673,-6756.015148
-528.471827,-6756.877590
-528.974938,-6757.741811
-529.474999,-6758.607801
-529.972003,-6759.475548
-530.465944,-6760.345043
-530.956817,-6761.216274
-531.444614,-6762.089230
-531.929331,-6762.963901
-532.410961,-6763.840275
-532.889497,-6764.718342
-533.364935,-6765.598091
-533.837268,-6766.479510
-534.306490,-6767.362590
-534.772596,-6768.247318
-535.235579,-6769.133685
-535.695435,-6770.021678
-536.152156,-6770.911287
-536.605738,-6771.802501
-537.056175,-6772.695309
-537.503461,-6773.589699
-537.947590,-6774.485661
-538.388558,-6775.383184
-538.826359,-6776.282255
-539.260987,-6777.182865
-539.692436,-6778.085001
-540.120703,-6778.988653
-540.545780,-6779.893810
-540.967663,-6780.800459
-541.386347,-6781.708591
-541.801827,-6782.618193
-542.214096,-6783.529254
-542.623151,-6784.441763
-543.028986,-6785.355709
-543.431595,-6786.271080
-543.830975,-6787.187865
-544.227120,-6788.106053
-544.620025,-6789.025631
-545.009685,-6789.946589
-545.396096,-6790.868916
-545.779252,-6791.792599
-546.159149,-6792.717627
-546.535782,-6793.643989
-546.909147,-6794.571673
-547.279238,-6795.500668
-547.646051,-6796.430962
-548.009583,-6797.362543
-548.369827,-6798.295401
-548.726780,-6799.229523
-549.080436,-6800.164897
-549.430793,-6801.101513
-549.777845,-6802.039358
-550.121589,-6802.978421
-550.462019,-6803.918691
-550.799131,-6804.860155
-551.132923,-6805.802801
-551.463388,-6806.746619
-551.790524,-6807.691595
-552.114325,-6808.637720
-552.434789,-6809.584980
-552.751911,-6810.533364
-553.065687,-6811.482861
-553.376113,-6812.433458
-553.683185,-6813.385143
-553.986900,-6814.337906
-554.287254,-6815.291733
-554.584243,-6816.246614
-554.877863,-6817.202535
-555.168111,-6818.159486
-555.454984,-6819.117454
-555.738476,-6820.076428
-556.018586,-6821.036396
-556.295309,-6821.997345
-556.568642,-6822.959264
-556.838582,-6823.922140
-557.105125,-6824.885963
-557.368269,-6825.850719
-557.628009,-6826.816397
-557.884342,-6827.782985
-558.137266,-6828.750471
-558.386777,-6829.718842
-558.632872,-6830.688087
-558.875549,-6831.658194
-559.114803,-6832.629150
-559.350632,-6833.600944
-559.583033,-6834.573564
-559.812004,-6835.546997
-560.037541,-6836.521231
-560.259641,-6837.496254
-560.478302,-6838.472054
-560.693522,-6839.448619
-560.905297,-6840.425937
-561.113624,-6841.403996
-561.318502,-6842.382783
-561.519927,-6843.362286
-561.717898,-6844.342494
-561.912411,-6845.323393
-562.103464,-6846.304972
-562.291056,-6847.287219
-562.475182,-6848.270121
-562.655843,-6849.253666
-562.833034,-6850.237842
-563.006754,-6851.222637
-563.177000,-6852.208037
-563.343771,-6853.194033
-563.507065,-6854.180610
-563.666879,-6855.167756
-563.823211,-6856.155460
-563.976060,-6857.143709
-564.125424,-6858.132491
-564.271300,-6859.121793
-564.413687,-6860.111604
-564.552584,-6861.101910
-564.687988,-6862.092700
-564.819897,-6863.083961
-564.948311,-6864.075682
-565.073227,-6865.067848
-565.194644,-6866.060449
-565.312561,-6867.053472
-565.426975,-6868.046905
-565.537886,-6869.040735
-565.645293,-6870.034950
-565.749193,-6871.029537
-565.849586,-6872.024484
-565.946470,-6873.019779
-566.039844,-6874.015410
-566.129707,-6875.011363
-566.216058,-6876.007628
-566.298895,-6877.004190
-566.378219,-6878.001039
-566.454027,-6878.998161
-566.526319,-6879.995544
-566.595094,-6880.993175
-566.660351,-6881.991043
-566.722089,-6882.989135
-566.780307,-6883.987438
-566.835005,-6884.985941
-566.886183,-6885.984630
-566.933839,-6886.983493
-566.977972,-6887.982518
-567.018583,-6888.981693
-567.055671,-6889.981004
-567.089235,-6890.980440
-567.119274,-6891.979989
-567.145790,-6892.979636
-567.168780,-6893.979372
-567.188246,-6894.979182
-567.204186,-6895.979054
-567.216601,-6896.978976
-567.225490,-6897.978936
-567.230853,-6898.978922
-567.232690,-6899.978919
-567.231001,-6900.978917
-567.225787,-6901.978903
-567.217047,-6902.978865
-567.204781,-6903.978789
-567.188989,-6904.978664
-567.169672,-6905.978477
-567.146830,-6906.978215
-567.120464,-6907.977867
-567.090572,-6908.977420
-567.057157,-6909.976861
-567.020218,-6910.976178
-566.979755,-6911.975358
-566.935770,-6912.974390
-566.888263,-6913.973260
-566.837234,-6914.971957
-566.782684,-6915.970467
-566.724614,-6916.968779
-566.663025,-6917.966880
-566.597916,-6918.964758
-566.529290,-6919.962400
-566.457146,-6920.959794
-566.381486,-6921.956927
-566.302311,-6922.953787
-566.219621,-6923.950362
-566.133418,-6924.946639
-566.043703,-6925.942606
-565.950477,-6926.938250
-565.853741,-6927.933560
-565.753496,-6928.928522
-565.649744,-6929.923125
-565.542486,-6930.917355
-565.431722,-6931.911202
-565.317455,-6932.904651
-565.199686,-6933.897692
-565.078417,-6934.890311
-564.953648,-6935.882496
-564.825382,-6936.874236
-564.693620,-6937.865516
-564.558363,-6938.856326
-564.419614,-6939.846653
-564.277374,-6940.836485
-564.131645,-6941.825809
-563.982428,-6942.814613
-563.829726,-6943.802885
-563.673540,-6944.790612
-563.513873,-6945.777782
-563.350726,-6946.764384
-563.184102,-6947.750404
-563.014002,-6948.735830
-562.840428,-6949.720650
-562.663383,-6950.704853
-562.482869,-6951.688424
-562.298889,-6952.671354
-562.111443,-6953.653628
-561.920536,-6954.635236
-561.726168,-6955.616164
-561.528344,-6956.596401
-561.327064,-6957.575934
-561.122332,-6958.554752
-560.914150,-6959.532841
-560.702520,-6960.510191
-560.487446,-6961.486788
-560.268930,-6962.462621
-560.046974,-6963.437677
-559.821582,-6964.411945
-559.592756,-6965.385411
-559.360500,-6966.358065
-559.124815,-6967.329894
-558.885705,-6968.300886
-558.643173,-6969.271029
-558.397222,-6970.240311
-558.147855,-6971.208719
-557.895075,-6972.176243
-557.638885,-6973.142869
-557.379288,-6974.108585
-557.116289,-6975.073381
-556.849889,-6976.037243
-556.580092,-6977.000159
-556.306902,-6977.962119
-556.030321,-6978.923109
-555.750354,-6979.883118
-555.467004,-6980.842134
-555.180275,-6981.800145
-554.890169,-6982.757139
-554.596691,-6983.713105
-554.299844,-6984.668029
-553.999632,-6985.621901
-553.696058,-6986.574708
-553.389127,-6987.526440
-553.078842,-6988.477083
-552.765207,-6989.426626
-552.448227,-6990.375057
-552.127904,-6991.322365
-551.804243,-6992.268538
-551.477248,-6993.213563
-551.146923,-6994.157430
-550.813272,-6995.100126
-550.476299,-6996.041640
-550.136009,-6996.981960
-549.792405,-6997.921074
-549.445492,-6998.858971
-549.095275,-6999.795639
-548.741757,-7000.731066
-548.384943,-7001.665241
-548.024837,-7002.598152
-547.661445,-7003.529787
-547.294770,-7004.460136
-546.924816,-7005.389186
-546.551590,-7006.316925
-546.175094,-7007.243343
-545.795335,-7008.168428
-545.412316,-7009.092168
-545.026043,-7010.014552
-544.636519,-7010.935568
-544.243751,-7011.855205
-543.847743,-7012.773451
-543.448499,-7013.690295
-543.046025,-7014.605726
-542.640326,-7015.519733
-542.231407,-7016.432303
-541.819273,-7017.343425
-541.403929,-7018.253089
-540.985380,-7019.161283
-540.563632,-7020.067995
-540.138689,-7020.973215
-539.710557,-7021.876930
-539.279241,-7022.779131
-538.844747,-7023.679805
-538.407080,-7024.578942
-537.966246,-7025.476529
-537.522249,-7026.372557
-537.075096,-7027.267014
-536.624792,-7028.159889
-536.171343,-7029.051170
-535.714754,-7029.940848
-535.255031,-7030.828909
-534.792179,-7031.715344
-534.326205,-7032.600142
-533.857114,-7033.483291
-533.384912,-7034.364781
-532.909605,-7035.244601
-532.431199,-7036.122739
-531.949700,-7036.999185
-531.465113,-7037.873927
-530.977445,-7038.746956
-530.486702,-7039.618260
-529.992890,-7040.487828
-529.496015,-7041.355649
-528.996083,-7042.221713
-528.493101,-7043.086009
-527.987074,-7043.948527
-527.478009,-7044.809254
-526.965913,-7045.668182
-526.450792,-7046.525298
-525.932651,-7047.380593
-525.411498,-7048.234056
-524.887339,-7049.085676
-524.360181,-7049.935443
-523.830030,-7050.783345
-523.296892,-7051.629373
-522.760775,-7052.473516
-522.221685,-7053.315763
-521.679628,-7054.156105
-521.134612,-7054.994530
-520.586643,-7055.831028
-520.035729,-7056.665589
-519.481874,-7057.498202
-518.925088,-7058.328857
-518.365377,-7059.157544
-517.802747,-7059.984252
-517.237205,-7060.808971
-516.668759,-7061.631691
-516.097416,-7062.452402
-515.523183,-7063.271093
-514.946067,-7064.087755
-514.366075,-7064.902376
-513.783214,-7065.714948
-513.197492,-7066.525459
-512.608916,-7067.333900
-512.017493,-7068.140261
-511.423230,-7068.944531
-510.826136,-7069.746701
-510.226216,-7070.546761
-509.623480,-7071.344701
-509.017934,-7072.140510
-508.409585,-7072.934180
-507.798443,-7073.725700
-507.184513,-7074.515060
-506.567803,-7075.302250
-505.948322,-7076.087261
-505.326077,-7076.870083
-504.701076,-7077.650706
-504.073326,-7078.429120
-503.442836,-7079.205317
-502.809612,-7079.979285
-502.173664,-7080.751016
-501.534999,-7081.520500
-500.893624,-7082.287727
-500.249548,-7083.052688
-499.602780,-7083.815374
-498.953326,-7084.575774
-498.301195,-7085.333880
-497.646395,-7086.089681
-496.988934,-7086.843169
-496.328820,-7087.594334
-495.666063,-7088.343168
-495.000669,-7089.089659
-494.332647,-7089.833800
-493.662005,-7090.575581
-492.988753,-7091.314993
-492.312897,-7092.052026
-491.634447,-7092.786672
-490.953411,-7093.518921
-490.269797,-7094.248764
-489.583614,-7094.976193
-488.894871,-7095.701197
-488.203575,-7096.423768
-487.509736,-7097.143898
-486.813363,-7097.861577
-486.114463,-7098.576796
-485.413046,-7099.289546
-484.709120,-7099.999819
-484.002694,-7100.707605
-483.293777,-7101.412896
-482.582377,-7102.115683
-481.868505,-7102.815958
-481.152167,-7103.513711
-480.433374,-7104.208934
-479.712134,-7104.901618
-478.988456,-7105.591756
-478.262349,-7106.279337
-477.533822,-7106.964353
-476.802885,-7107.646797
-476.069546,-7108.326660
-475.333814,-7109.003932
-474.595699,-7109.678606
-473.855210,-7110.350674
-473.112356,-7111.020126
-472.367145,-7111.686955
-471.619589,-7112.351152
-470.869695,-7113.012710
-470.117473,-7113.671619
-469.362933,-7114.327872
-468.606083,-7114.981460
-467.846934,-7115.632376
-467.085495,-7116.280611
-466.321774,-7116.926157
-465.555782,-7117.569007
-464.787529,-7118.209151
-464.017023,-7118.846583
-463.244274,-7119.481295
-462.469292,-7120.113277
-461.692087,-7120.742524
-460.912668,-7121.369026
-460.131044,-7121.992776
-459.347227,-7122.613766
-458.561224,-7123.231989
-457.773047,-7123.847436
-456.982705,-7124.460101
-456.190207,-7125.069975
-455.395564,-7125.677051
-454.598786,-7126.281322
-453.799881,-7126.882779
-452.998862,-7127.481416
-452.195736,-7128.077225
-451.390515,-7128.670198
-450.583207,-7129.260329
-449.773825,-7129.847609
-448.962376,-7130.432032
-448.148872,-7131.013591
-447.333322,-7131.592277
-446.515738,-7132.168084
-445.696128,-7132.741005
-444.874503,-7133.311033
-444.050873,-7133.878160
-443.225249,-7134.442380
-442.397640,-7135.003684
-441.568058,-7135.562068
-440.736512,-7136.117523
-439.903013,-7136.670042
-439.067571,-7137.219620
-438.230196,-7137.766248
-437.390899,-7138.309920
-436.549690,-7138.850630
-435.706580,-7139.388370
-434.861580,-7139.923135
-434.014699,-7140.454916
-433.165948,-7140.983708
-432.315338,-7141.509505
-431.462880,-7142.032299
-430.608583,-7142.552084
-429.752459,-7143.068854
-428.894519,-7143.582601
-428.034772,-7144.093321
-427.173230,-7144.601006
-426.309903,-7145.105651
-425.444802,-7145.607248
-424.577939,-7146.105792
-423.709322,-7146.601276
-422.838964,-7147.093694
-421.966876,-7147.583041
-421.093067,-7148.069310
-420.217549,-7148.552495
-419.340333,-7149.032589
-418.461430,-7149.509588
-417.580850,-7149.983485
-416.698605,-7150.454274
-415.814705,-7150.921950
-414.929162,-7151.386506
-414.041987,-7151.847937
-413.153190,-7152.306237
-412.262782,-7152.761401
-411.370776,-7153.213422
-410.477181,-7153.662295
-409.582009,-7154.108014
-408.685271,-7154.550575
-407.786978,-7154.989971
-406.887141,-7155.426197
-405.985772,-7155.859248
-405.082882,-7156.289118
-404.178482,-7156.715801
-403.272582,-7157.139294
-402.365196,-7157.559589
-401.456333,-7157.976683
-400.546005,-7158.390569
